chrom,pos,pv,maf,mac
5,25991950,0.25933995426649636,0.01904761904761905,8
2,1518644,0.4307852363669916,0.014285714285714285,6
5,21879931,0.5867658917843896,0.07380952380952381,31
2,3561773,0.7647623177745753,0.02619047619047619,11
5,21524174,0.9460748613737735,0.05476190476190476,23
1,1452923,0.36203247380834114,0.014285714285714285,6
1,29381205,0.9345166355759156,0.03571428571428571,15
4,9159021,0.4399389860294157,0.37142857142857144,156
1,13386387,0.5061029133285085,0.36904761904761907,155
3,10196780,0.3367638212074431,0.4166666666666667,175
1,18758630,0.9898774792323423,0.06190476190476191,26
2,5995134,0.07760575745723013,0.21904761904761905,92
1,16971440,0.5363530129695163,0.20476190476190476,86
5,21302862,0.9332849152139167,0.07142857142857142,30
5,25881387,0.35232887134943014,0.4857142857142857,204
1,21996242,0.8304765476710334,0.02142857142857143,9
1,5352654,0.37562053892187786,0.011904761904761904,5
2,8877053,0.03877220764285925,0.25,105
4,6181966,0.24904444532408068,0.4880952380952381,205
3,17605871,0.9650185373715285,0.2119047619047619,89
2,5177505,0.11393997687196314,0.0380952380952381,16
2,2298599,0.0990524538751687,0.030952380952380953,13
2,2511713,0.12576125350027068,0.02142857142857143,9
3,20733759,0.37940115630713,0.03571428571428571,15
4,13839436,0.6028352139369664,0.21428571428571427,90
3,11195839,0.4569961831486068,0.011904761904761904,5
2,4259360,0.7137637592117678,0.014285714285714285,6
1,12585411,0.905708571783656,0.011904761904761904,5
2,1008121,0.10526514859908317,0.09761904761904762,41
1,2698563,0.07386953109726994,0.13095238095238096,55
4,5638271,0.0037092747650259474,0.030952380952380953,13
2,8455564,0.3209283991967834,0.030952380952380953,13
1,10047331,0.1815337408308743,0.09523809523809523,40
5,4041179,0.35134444693875366,0.1357142857142857,57
3,14864720,0.13510915107117238,0.02619047619047619,11
3,23340910,0.6920508546842092,0.02857142857142857,12
4,9698302,0.002017070364953094,0.1357142857142857,57
4,10166777,0.319517137618314,0.01904761904761905,8
5,4455290,0.21797078157184838,0.011904761904761904,5
3,12329238,0.5929478032232154,0.01904761904761905,8
3,19995607,0.580881918360173,0.20476190476190476,86
1,23127178,0.18479611609027236,0.3238095238095238,136
4,6549258,0.45467196534239407,0.07142857142857142,30
2,341339,0.7502271542890506,0.05714285714285714,24
4,4729000,0.7734608427250818,0.03571428571428571,15
4,14898218,0.3648371562048649,0.014285714285714285,6
3,9630168,0.19813305978381113,0.05238095238095238,22
4,3345381,0.21634632900752201,0.023809523809523808,10
3,10384401,0.9114384546741214,0.22380952380952382,94
5,12743737,0.3874575110143441,0.11666666666666667,49
2,5218739,0.8412741093540832,0.3547619047619048,149
5,14561019,0.24427175396784978,0.011904761904761904,5
2,10349606,0.0392123731179786,0.28809523809523807,121
2,505836,0.29501939254463216,0.17142857142857143,72
2,1478964,0.1445564000892607,0.05,21
5,16753527,0.3765007880042768,0.011904761904761904,5
1,17064592,0.15767998541237752,0.014285714285714285,6
5,25241350,0.09801808746345703,0.2261904761904762,95
3,21274569,0.34611337955465804,0.014285714285714285,6
5,16694818,0.9389639705999113,0.11428571428571428,48
5,17664761,0.3949868437592714,0.03333333333333333,14
5,18243202,0.3820344718550833,0.11190476190476191,47
5,22260006,0.11218383615323131,0.05476190476190476,23
5,2957478,0.5437107043256528,0.014285714285714285,6
1,18285678,0.17765924052414145,0.0380952380952381,16
3,4924176,0.06847474366311444,0.31666666666666665,133
1,21922035,0.541984833728895,0.04285714285714286,18
3,10660665,0.10860488312210904,0.01904761904761905,8
5,15592625,0.1719123457915745,0.03333333333333333,14
1,19959369,0.5862797216679012,0.09523809523809523,40
4,7346021,0.9779890299374929,0.01904761904761905,8
2,19386809,0.39117315462535474,0.014285714285714285,6
1,5581427,0.7188502145659709,0.04047619047619048,17
1,25975915,0.27199960022304825,0.014285714285714285,6
4,6237119,0.15768560316828517,0.48333333333333334,203
3,15688119,0.7974211176876871,0.014285714285714285,6
2,10357193,0.5058331182428111,0.02619047619047619,11
2,10267830,0.3818450517568148,0.21428571428571427,90
1,30308142,0.10851687567473536,0.430952380952381,181
2,16279821,0.2685522940871916,0.19523809523809524,82
3,5982524,0.15800121595981223,0.11904761904761904,50
1,12177082,0.7138217743635205,0.011904761904761904,5
5,14658206,0.20328463997018464,0.016666666666666666,7
5,23728963,0.3020846578626707,0.04523809523809524,19
5,21439742,0.3935078347441472,0.37857142857142856,159
1,21497839,0.259066828337101,0.011904761904761904,5
1,13197421,0.1714725798676669,0.02857142857142857,12
3,9215854,0.9826665249476719,0.02142857142857143,9
2,6096744,0.4352599656349234,0.016666666666666666,7
5,14985425,0.21739620749140298,0.04523809523809524,19
5,6665628,0.22855961962246357,0.011904761904761904,5
5,22052187,0.8320801699504994,0.05238095238095238,22
1,12729157,0.14133658477971364,0.016666666666666666,7
1,19865276,0.13317119939929897,0.016666666666666666,7
4,2275113,0.7962203132713338,0.030952380952380953,13
5,9637654,0.7094692093882927,0.38095238095238093,160
2,13047699,0.3537043281687495,0.13095238095238096,55
3,9107486,0.6686288030420263,0.04523809523809524,19
5,10394935,0.184979761037386,0.02619047619047619,11
4,8090074,0.026910885228966033,0.2619047619047619,110
3,14589703,0.186571728110168,0.023809523809523808,10
4,5382818,0.32240105916088957,0.04285714285714286,18
1,23291602,0.11713841386250146,0.014285714285714285,6
3,15886011,0.4558747503708275,0.047619047619047616,20
4,931980,0.9923775087483685,0.011904761904761904,5
3,7609655,0.1226799194249022,0.08095238095238096,34
2,41076,0.3613369320391169,0.10952380952380952,46
2,258907,0.5502290441710586,0.10476190476190476,44
1,21634625,0.10070737910066255,0.05238095238095238,22
4,14538477,0.43487074936780057,0.011904761904761904,5
1,16412077,0.06370003598190681,0.3904761904761905,164
5,3414580,0.29588724937154737,0.04047619047619048,17
5,13802559,0.3639850359111335,0.11428571428571428,48
5,19730098,0.25524174172261715,0.023809523809523808,10
3,17148884,0.9990240899875374,0.1619047619047619,68
4,10438728,0.45694158328124257,0.24285714285714285,102
3,14531642,0.41094645117295403,0.21904761904761905,92
4,1876994,0.8914147895867015,0.05238095238095238,22
1,26329362,0.6126653759229186,0.011904761904761904,5
5,1481629,0.0859232787763405,0.05,21
2,6668167,0.7484396940277462,0.06666666666666667,28
5,23677439,0.12066523409300549,0.011904761904761904,5
2,6307372,0.22503623355688326,0.04285714285714286,18
1,2025774,0.417938400385113,0.02619047619047619,11
3,15764936,0.01623884798813723,0.05952380952380952,25
5,18651617,0.47522259535295475,0.014285714285714285,6
4,4504562,0.0064528572128283715,0.023809523809523808,10
1,28126522,0.32621726018827596,0.01904761904761905,8
3,13469203,0.37564724053360166,0.04047619047619048,17
5,16248416,0.5058362330956971,0.011904761904761904,5
5,18209607,0.930939223243048,0.016666666666666666,7
5,8890757,0.3359276707299904,0.011904761904761904,5
2,5683015,0.47457189882427453,0.05714285714285714,24
4,12816228,0.855010892969227,0.2571428571428571,108
1,20866556,0.0021044619637724713,0.02142857142857143,9
1,18053570,0.12128006301271792,0.03333333333333333,14
1,28508032,0.23937080941800873,0.08333333333333333,35
2,13830409,0.7758401294342447,0.37857142857142856,159
5,825468,0.19719569654480043,0.3142857142857143,132
3,13051943,0.22701440562471284,0.02857142857142857,12
2,2791198,0.007056633054632265,0.3357142857142857,141
5,15173989,0.8228124274896313,0.11428571428571428,48
3,11418691,0.8734340628522437,0.42142857142857143,177
5,24886278,0.32278005045870384,0.011904761904761904,5
1,9894334,0.07458007991341362,0.0880952380952381,37
4,18377627,0.2784326037156125,0.04523809523809524,19
2,15477357,0.2636435318068372,0.14523809523809525,61
1,18321333,0.8062657698958285,0.3142857142857143,132
4,13947049,0.22332056838239706,0.1880952380952381,79
3,9051004,0.8428287440851463,0.014285714285714285,6
2,1527093,0.2248769629330523,0.4714285714285714,198
1,7396428,0.5313942832561283,0.2523809523809524,106
5,5808834,0.06165059697520365,0.047619047619047616,20
2,3119090,0.31927377873754403,0.45714285714285713,192
1,124667,0.36986530523234773,0.01904761904761905,8
5,8103624,0.4819940859494679,0.014285714285714285,6
4,17104167,0.18928460535548816,0.02619047619047619,11
3,9464414,0.9371321653671043,0.4738095238095238,199
4,10767317,0.4455288955786991,0.25952380952380955,109
1,8370216,0.8993797191943687,0.42857142857142855,180
3,14754068,0.4233159430214304,0.07857142857142857,33
5,10531396,0.9194776608415872,0.04523809523809524,19
2,6077979,0.6431331974858376,0.023809523809523808,10
2,8372424,0.25456836506044234,0.4380952380952381,184
5,17339009,0.39842493617612595,0.25,105
3,22798903,0.00033602297535427635,0.05,21
1,17240209,0.8176974221195834,0.04047619047619048,17
5,117185,0.18817993263038124,0.18571428571428572,78
5,11098823,0.33902024947631687,0.09285714285714286,39
5,20968273,0.21788037972765728,0.05,21
4,2452478,0.24050079084316955,0.4642857142857143,195
2,3730417,0.7815176897627063,0.06666666666666667,28
4,10277853,0.314941074386731,0.11904761904761904,50
1,7817561,0.8680315677536881,0.06666666666666667,28
5,21481500,0.5235877301903145,0.05714285714285714,24
5,19868959,0.2809796072499978,0.20952380952380953,88
2,18339274,0.5541710130875628,0.04285714285714286,18
3,8302349,0.35998534748180244,0.26904761904761904,113
5,9954787,0.03501887086496522,0.016666666666666666,7
2,18156453,0.031432233220800104,0.07857142857142857,33
2,2665193,0.012541819207435263,0.10238095238095238,43
1,29470918,0.2825645260590957,0.09761904761904762,41
5,11349749,0.6361959362824174,0.03333333333333333,14
5,17650794,0.544750258988624,0.014285714285714285,6
3,3467745,0.13175544794395264,0.3952380952380952,166
1,21985385,0.7723531874480878,0.19285714285714287,81
3,59570,0.1274488051064169,0.016666666666666666,7
5,19128515,0.7911272930293417,0.06904761904761905,29
4,9499834,0.27449313010088694,0.014285714285714285,6
2,2204558,0.6878552682184222,0.01904761904761905,8
1,22870458,0.8255014282836375,0.18095238095238095,76
3,6261808,0.8785438195468847,0.0880952380952381,37
4,14260708,0.6088230475299362,0.15714285714285714,66
3,16133264,0.5725712604010715,0.047619047619047616,20
5,8814882,0.26691425106825134,0.014285714285714285,6
1,13726652,0.07808760645960543,0.09047619047619047,38
1,24258475,0.6664753856049779,0.03333333333333333,14
4,2257460,0.7441461706874397,0.02142857142857143,9
2,6513466,0.13122521808508728,0.46904761904761905,197
2,12345484,0.686956937232508,0.08571428571428572,36
5,18968981,0.7421608904714984,0.03571428571428571,15
3,16433138,0.6716883642375392,0.05476190476190476,23
3,22636553,0.03838782716076902,0.12142857142857143,51
5,9205164,0.14068427798072078,0.3523809523809524,148
2,5362423,0.09379083373485292,0.45,189
3,2707163,0.05130183426345962,0.10714285714285714,45
5,24382947,0.008447795979747758,0.02619047619047619,11
3,13393634,0.3903286302008335,0.12380952380952381,52
2,6289478,0.11555067372659994,0.014285714285714285,6
4,4598716,0.7546466268889432,0.2976190476190476,125
3,9179751,0.01858770472583794,0.16666666666666666,70
5,5653130,0.06660252889227065,0.3380952380952381,142
4,12126355,0.17738112776045722,0.12142857142857143,51
2,3541051,0.18053707222378063,0.13095238095238096,55
2,2526215,0.5742037285241783,0.09523809523809523,40
1,11546328,0.8833700829497357,0.01904761904761905,8
3,16403771,0.6810700176428153,0.011904761904761904,5
1,17858127,0.6272595677682351,0.011904761904761904,5
2,18398232,0.08583661131764748,0.04285714285714286,18
1,27486625,0.20002009550630892,0.011904761904761904,5
3,1603517,0.7219557692402496,0.023809523809523808,10
3,17388647,0.21096977261766917,0.016666666666666666,7
1,1579220,0.61209614371074,0.05,21
4,7396261,0.25477267842822254,0.4023809523809524,169
2,3233107,0.5850517547441627,0.33095238095238094,139
2,11867755,0.008435509020414896,0.023809523809523808,10
3,23221988,0.6019003252242725,0.07142857142857142,30
4,10218792,0.8542478557230944,0.05714285714285714,24
5,23130254,0.06069659317276948,0.07142857142857142,30
3,17017059,0.7648521441063005,0.030952380952380953,13
3,4622128,0.6073983617712085,0.014285714285714285,6
4,17527563,0.07519801713594262,0.21904761904761905,92
4,12721283,0.09566557438912852,0.1,42
4,5921075,0.9847577263453134,0.4595238095238095,193
1,12333218,0.5768179756837218,0.06428571428571428,27
1,13426624,0.5206239308623715,0.047619047619047616,20
3,4370293,0.0031304504936056996,0.1619047619047619,68
3,4735760,0.05925183993669478,0.02142857142857143,9
2,1348950,0.20991341631351929,0.01904761904761905,8
4,5194037,0.5061235229852171,0.05476190476190476,23
4,18356299,0.8389446894226672,0.13095238095238096,55
1,8894727,0.7122876509022695,0.014285714285714285,6
4,1807811,0.15074309335096503,0.05952380952380952,25
1,12248011,0.730223832637132,0.02142857142857143,9
5,16809114,0.8420087861201327,0.16904761904761906,71
1,6790494,0.6471201907877937,0.03571428571428571,15
5,10168143,0.7818122567772465,0.15,63
1,13760565,0.6593286298083961,0.011904761904761904,5
5,7810713,0.1571640518955617,0.011904761904761904,5
3,22046102,0.4367232505914226,0.08095238095238096,34
5,9380878,0.07620129650099118,0.14285714285714285,60
5,24574534,0.5364696720990372,0.09285714285714286,39
5,16540310,0.5178350365262074,0.01904761904761905,8
4,14712238,0.24466306768371793,0.02142857142857143,9
5,5523691,0.2412273985815308,0.0880952380952381,37
4,14903009,0.3648371562048649,0.014285714285714285,6
5,18294849,0.7181980957750109,0.2785714285714286,117
5,238864,0.9158318256798554,0.05,21
3,16860864,0.04695916118399307,0.02142857142857143,9
4,5464251,0.9651515444749837,0.03571428571428571,15
3,10511880,0.6468025097470761,0.02142857142857143,9
2,2381353,0.5443176662750657,0.12857142857142856,54
1,5376824,0.9169697851625476,0.0380952380952381,16
5,14559390,0.1347071939260061,0.25952380952380955,109
3,21279045,0.48069656615736045,0.02857142857142857,12
5,21284955,0.26109552534022856,0.02619047619047619,11
3,15377666,0.3899623674965679,0.03333333333333333,14
2,5059018,0.1090997400262599,0.03333333333333333,14
2,2617895,0.1326075244081135,0.21428571428571427,90
1,29394838,0.2871161885917276,0.02142857142857143,9
4,10938882,0.2149030080628448,0.02857142857142857,12
4,7792025,0.06339806179402681,0.02857142857142857,12
5,25287197,0.8847605921059106,0.21428571428571427,90
4,16200491,0.17400614367906442,0.014285714285714285,6
4,14404569,0.5382638928452286,0.03333333333333333,14
4,12835860,0.772473474831009,0.1380952380952381,58
2,1976082,0.6042447636816467,0.3476190476190476,146
2,6692985,0.2158311756308749,0.4523809523809524,190
1,9509696,0.7327459278704442,0.16428571428571428,69
3,20894500,0.21430393004583953,0.023809523809523808,10
3,20321884,0.016799121164662315,0.016666666666666666,7
1,25587129,0.750747943350475,0.05,21
1,23335213,0.8144929468308512,0.0380952380952381,16
1,6088018,0.03827700500469862,0.030952380952380953,13
1,23652172,0.9234360938877505,0.02142857142857143,9
1,301852,0.06534149970655516,0.05,21
4,2507915,0.3095972697457152,0.02142857142857143,9
1,25143411,0.31326718499098627,0.05476190476190476,23
3,7737491,0.7005383396266038,0.12142857142857143,51
3,6961525,0.6026176420596044,0.02142857142857143,9
5,93561,0.23895616448410176,0.011904761904761904,5
3,16194884,0.7003914645662408,0.06904761904761905,29
1,20734231,0.702385215397,0.014285714285714285,6
5,12006638,0.0003519119668125952,0.06904761904761905,29
5,17539991,0.8963210494553813,0.01904761904761905,8
2,7890381,0.031335491818922985,0.011904761904761904,5
4,11231685,0.28661642350815986,0.28095238095238095,118
1,23819121,0.24980399937515643,0.17857142857142858,75
4,11023660,0.9519383093344168,0.05,21
1,23905649,0.32475823885329586,0.05238095238095238,22
2,3757348,0.5791121001376258,0.014285714285714285,6
1,22571219,0.20872021209640415,0.011904761904761904,5
1,23272553,0.49489791709400577,0.11666666666666667,49
1,22822160,0.6016018142048928,0.04285714285714286,18
2,5902031,0.5427471986451247,0.07142857142857142,30
3,13959185,0.44938334708229155,0.02857142857142857,12
5,195518,0.999481590257476,0.0380952380952381,16
4,17842303,0.8000514091172409,0.023809523809523808,10
4,12303094,0.7525536085653008,0.03333333333333333,14
2,9736328,0.17447049261651987,0.030952380952380953,13
5,1494448,0.98183383132135,0.030952380952380953,13
4,9469506,0.511902112745773,0.16904761904761906,71
5,24164584,0.9197578276107,0.011904761904761904,5
1,12884922,0.1917677978848812,0.0380952380952381,16
1,16060882,0.15131573097003573,0.06666666666666667,28
5,19116137,0.05504544105609483,0.07380952380952381,31
2,18848959,0.5418358910567919,0.011904761904761904,5
1,7997785,0.35064432278715096,0.4857142857142857,204
3,2437972,0.014751141140552497,0.15476190476190477,65
1,23499766,0.6520549074531717,0.18571428571428572,78
2,1759525,0.6917821827684866,0.011904761904761904,5
1,28235418,0.75141667098821,0.11666666666666667,49
1,15986686,0.017687860038053952,0.14761904761904762,62
3,19540985,0.796248633945065,0.01904761904761905,8
2,6429777,0.9603540208316057,0.24523809523809523,103
2,10628046,0.7996957833223473,0.014285714285714285,6
5,13980049,0.8178177329868718,0.016666666666666666,7
2,13944309,0.1567103876845588,0.011904761904761904,5
2,10495982,0.10974089292385725,0.03333333333333333,14
1,13824119,0.079141141403398,0.09523809523809523,40
5,12326718,0.9803812766760438,0.02142857142857143,9
3,13081694,0.5545727957008469,0.06190476190476191,26
3,12746714,0.6246367564522676,0.0380952380952381,16
3,14267274,0.20302151133134733,0.030952380952380953,13
5,11487877,0.14922215875383255,0.023809523809523808,10
2,15818103,0.37111047699512234,0.3380952380952381,142
2,6468171,0.6888153520989235,0.18571428571428572,78
4,8699206,0.5963259842378587,0.047619047619047616,20
2,6129865,0.33233128276948415,0.011904761904761904,5
1,16914417,0.8575200892099712,0.3595238095238095,151
3,17263294,0.7777675322125631,0.023809523809523808,10
4,11453043,0.2225898912573128,0.023809523809523808,10
3,22420821,0.584690429869391,0.014285714285714285,6
4,5736937,0.4218555124282589,0.014285714285714285,6
5,15622577,0.0893133084350274,0.02142857142857143,9
1,23031560,0.277314215714345,0.030952380952380953,13
3,16787623,0.6962716708440202,0.030952380952380953,13
5,26417390,0.26015696317917336,0.12142857142857143,51
4,15224042,0.8494959181939128,0.14047619047619048,59
3,9247923,0.8270466086805432,0.12142857142857143,51
1,9214328,0.6754044203099768,0.03333333333333333,14
5,16013712,0.40907139454725117,0.4714285714285714,198
3,10226097,0.009770033969992917,0.07142857142857142,30
1,20773285,0.8624963367006714,0.41904761904761906,176
3,15820655,0.16888642663154163,0.030952380952380953,13
3,18916096,0.31098979795535453,0.023809523809523808,10
1,7614209,0.9029858141285998,0.014285714285714285,6
3,17350339,0.8390905085930642,0.011904761904761904,5
1,27896112,0.9302267537215875,0.11904761904761904,50
5,2900790,0.13591471425688603,0.07857142857142857,33
5,17038502,0.22264956971211122,0.011904761904761904,5
2,8597117,0.0009203957273197451,0.07857142857142857,33
5,540254,0.1384020745096461,0.023809523809523808,10
1,26910645,0.05871967676201682,0.23095238095238096,97
4,9444888,0.5299500506016124,0.014285714285714285,6
5,11008952,0.46746407295920034,0.014285714285714285,6
1,3892037,0.19592622072164118,0.016666666666666666,7
1,352650,0.6044656206015058,0.05238095238095238,22
5,11189546,0.5794271738307357,0.02857142857142857,12
3,11572210,0.23726670932695304,0.01904761904761905,8
5,15092982,0.40146160307591916,0.03571428571428571,15
2,2874710,0.7114043904409998,0.03571428571428571,15
1,16055269,0.3305383416513389,0.10238095238095238,43
3,14807630,0.4174579565013973,0.35,147
5,1887240,0.023983240759715335,0.014285714285714285,6
1,25912694,0.2687330049222904,0.016666666666666666,7
5,17930572,0.6754747989241886,0.0761904761904762,32
2,1413280,0.8033779777675596,0.45,189
2,14386632,0.6751893359338852,0.02857142857142857,12
4,5683189,0.9014141087107315,0.4142857142857143,174
2,7748163,0.7962943883176564,0.014285714285714285,6
1,24498311,0.5261349425702888,0.016666666666666666,7
4,5025709,0.22547380012872892,0.1380952380952381,58
2,8142899,0.5294208108115053,0.07857142857142857,33
3,13983361,0.022900559510735326,0.42857142857142855,180
2,12963247,0.02098195150104959,0.1880952380952381,79
3,12865289,0.8086937109786099,0.05238095238095238,22
4,2223693,0.975062509308067,0.20476190476190476,86
3,10956624,0.2136296716085928,0.014285714285714285,6
4,9108562,0.3743761801019211,0.48333333333333334,203
1,22354475,0.8154771649162966,0.3904761904761905,164
1,16061617,0.006205384251506243,0.12380952380952381,52
4,6228260,0.7842670022599023,0.08333333333333333,35
2,10360123,0.5552302782143828,0.014285714285714285,6
2,8518283,0.28738901269783834,0.05476190476190476,23
5,9193298,0.25379554979876146,0.14047619047619048,59
1,11184049,0.22920178058121365,0.016666666666666666,7
1,16405540,0.20510902330794725,0.030952380952380953,13
1,21351366,0.738980237023505,0.16428571428571428,69
2,11958129,0.0004250430608445395,0.16904761904761906,71
3,1736590,0.7426505519567186,0.011904761904761904,5
5,7604283,0.7034644531233883,0.011904761904761904,5
2,14019340,0.07533222113192554,0.03333333333333333,14
1,16208083,0.3312420940646291,0.03571428571428571,15
4,6999722,0.15196075277494508,0.08333333333333333,35
3,12558489,0.5273027708366895,0.04047619047619048,17
1,19365533,0.24792042332118092,0.014285714285714285,6
3,14267377,0.22512727694748816,0.02142857142857143,9
2,2339131,0.3860146316542027,0.014285714285714285,6
5,2259934,0.7349917721318431,0.33095238095238094,139
3,13958517,0.6506044304545495,0.023809523809523808,10
1,5910578,0.7626392484291316,0.04523809523809524,19
2,1833398,0.5174739027974529,0.04523809523809524,19
5,14019767,0.5084382760195876,0.011904761904761904,5
2,85219,0.0121340078230944,0.014285714285714285,6
3,10896387,0.007880370909697183,0.01904761904761905,8
1,15890051,0.7714294282443146,0.014285714285714285,6
1,29533694,0.6270321312508155,0.4642857142857143,195
4,13459564,0.679368135056617,0.02857142857142857,12
1,23444507,0.2191305138358481,0.03571428571428571,15
5,11437246,0.48038302002668554,0.03571428571428571,15
1,19838487,0.8173597662591592,0.011904761904761904,5
4,11706277,0.33076618389286494,0.05476190476190476,23
1,6470397,0.273651456632952,0.01904761904761905,8
1,23900815,0.7325648657239046,0.04047619047619048,17
1,24104445,0.003722939102221737,0.16428571428571428,69
1,17642211,0.7865977326319041,0.3,126
1,18301275,0.5246004010636953,0.014285714285714285,6
5,12572827,0.7909751931624227,0.047619047619047616,20
4,1830455,0.29025247099184937,0.014285714285714285,6
3,10048790,0.8627356856406794,0.3880952380952381,163
2,11225857,0.03916641829671952,0.023809523809523808,10
1,27326421,0.9686392127859215,0.014285714285714285,6
3,13169686,0.2970624521570093,0.48095238095238096,202
2,19214924,0.5799370623718347,0.09523809523809523,40
4,5559080,0.17456049811347535,0.08095238095238096,34
2,4157359,0.7874318989340524,0.24285714285714285,102
3,4019124,0.0013542825346123963,0.023809523809523808,10
2,7408883,0.4230169972127157,0.0380952380952381,16
1,26546500,0.30555757654369414,0.02142857142857143,9
5,25932830,0.2980798333175086,0.2523809523809524,106
3,12687958,0.7695130422082559,0.04285714285714286,18
5,19683380,0.14601603584248565,0.023809523809523808,10
4,10449011,0.4708734215911411,0.011904761904761904,5
5,8733967,0.561193274256103,0.014285714285714285,6
5,22661453,0.9880587986122742,0.07857142857142857,33
5,15303134,0.3783073895619785,0.016666666666666666,7
5,5668624,0.4367140492975733,0.014285714285714285,6
4,15470602,0.9835354688902305,0.07142857142857142,30
5,13584953,0.329824831727591,0.2833333333333333,119
3,17754385,0.8030578273158481,0.016666666666666666,7
1,3509294,0.758004228748687,0.1357142857142857,57
2,16744024,0.1406024524800294,0.08333333333333333,35
3,16552428,0.71014863344303,0.014285714285714285,6
5,19448997,0.24757714381410315,0.016666666666666666,7
3,10812008,0.6450593937817881,0.014285714285714285,6
3,1970512,0.5280339710392651,0.08571428571428572,36
4,2345621,0.3189772026436738,0.014285714285714285,6
2,15463877,0.9308312483292339,0.07857142857142857,33
2,15949848,0.3884415133679593,0.01904761904761905,8
1,4609071,0.21386750968334808,0.1523809523809524,64
4,11125842,0.38271440230438825,0.01904761904761905,8
3,15540259,0.6852880397743398,0.03333333333333333,14
1,25133134,0.35976666235308663,0.04285714285714286,18
1,23899658,0.07847877188193063,0.014285714285714285,6
2,1782948,0.003100444667952544,0.08095238095238096,34
3,6405219,0.05947479238127402,0.21904761904761905,92
1,13447259,0.8369039643583754,0.03333333333333333,14
2,761646,0.1012185974270642,0.1,42
4,16794654,0.5148109641289587,0.02142857142857143,9
3,14364601,0.82103561412011,0.13095238095238096,55
2,3709696,0.17001868369759437,0.06904761904761905,29
1,19403354,0.16224570592377668,0.02619047619047619,11
2,12270319,0.007263348845358452,0.04523809523809524,19
4,17199483,0.33295525106148594,0.01904761904761905,8
1,12984861,0.8607384470809691,0.016666666666666666,7
4,8830363,0.6732060991255406,0.01904761904761905,8
3,18649793,0.5893152327437323,0.1976190476190476,83
1,22446773,0.3643155395431542,0.03571428571428571,15
2,4375657,0.22135723966260962,0.014285714285714285,6
1,7350685,0.9577291736693432,0.011904761904761904,5
3,3693909,0.7654344227211587,0.319047619047619,134
3,15190009,0.9082814267586812,0.04285714285714286,18
2,3834020,0.2494309775848842,0.047619047619047616,20
1,22013720,0.7424750772833006,0.016666666666666666,7
5,11923187,0.32205029912234356,0.10476190476190476,44
3,15463295,0.4349070986624458,0.014285714285714285,6
5,20906988,0.12062703566098892,0.09523809523809523,40
4,9556784,0.9870504181996421,0.01904761904761905,8
1,27545582,0.251491164471729,0.17142857142857143,72
4,8687127,0.8024466628517017,0.04285714285714286,18
2,1809194,0.9894120648327484,0.03571428571428571,15
3,11939561,0.18966756477173038,0.13095238095238096,55
4,11326301,0.9611661900750478,0.17142857142857143,72
3,3159228,0.5610811366132658,0.38333333333333336,161
1,24883345,0.3212722157868205,0.05714285714285714,24
1,9510519,0.4241833594154917,0.12857142857142856,54
1,11214528,0.13153325704011612,0.06428571428571428,27
3,14837474,0.9522438022799751,0.02142857142857143,9
3,17610950,0.33633478465179495,0.1261904761904762,53
